id,nombre,curva,surtido,disponible
seul,Borcegos Seúl,40500,50500,si
milano,Borcegos Milano,42000,52000,si
merry,Borcegos Merry,38500,48500,si
montana,Borcegos Montana,38500,48500,si
peyton,Borcegos Peyton,38500,48500,si
taylor,Borcegos Taylor,37500,47500,si
catania,Borcegos Catania,37500,47500,si
prada,Borcegos Prada,37000,47000,si
berlin,Borcegos Berlín,43000,53000,si
tokio,Borcegos Tokio,41500,51500,si
shanghai,Borcegos Shanghai,39500,49500,si
madrid,Borcegos Madrid,41000,44000,si
ibiza,Borcegos Ibiza,39500,49500,si
vienna,Borcegos Vienna,38500,48500,si
angie,Botas Angie,43000,53000,si
sofia,Botas Sofía,40500,50500,si
uxia,Botas Uxia,40500,50500,si
arlet,Botas Arlet,39500,49500,si
wanda,Botas Wanda,46500,56500,si
nara,Botas Nara,45500,55500,si
fedra,Botas Fedra,40500,50500,si
chiara,Botas Chiara,49500,59500,si
morgana,Botas Morgana,48500,58500,si
sira,Botas Sira,44000,54000,si
noa,Botas Noa,43000,53000,si
may,Botas May,43500,53500,si
margamuza,Botas Mar Gamuza,42000,52000,si
marpu,Botas Mar P.U,42000,52000,si
bria,Sandalia Bria,40000,50000,si
cata,Sandalia Cata,38500,48500,si
rhea,Sandalia Rhea,39500,49500,si
isa,Sandalia Isa,37500,47500,si
sol,Sandalia Sol,37000,47000,si
cami,Sandalia Cami,37000,47000,si
moscu,Sueco Moscu,38500,48500,si
